Amostra,Acel_X,Acel_Y,Acel_Z,Giro_X,Giro_Y,Giro_Z,Temperatura
1,-0.936,0.726,9.944,0.611,1.405,0.412,17.47
2,-0.975,0.740,9.966,0.626,1.290,0.534,17.57
3,-0.992,0.719,9.887,0.740,1.443,0.099,17.75
4,-0.958,0.707,9.923,0.702,1.366,0.206,17.61
5,-0.956,0.728,9.925,0.687,1.466,0.542,17.57
6,-0.932,0.730,9.913,0.611,1.206,0.252,17.71
7,-0.948,0.730,9.937,0.656,1.550,0.573,17.71
8,-0.977,0.764,9.951,0.756,1.603,0.282,17.71
9,-0.932,0.754,9.920,0.580,1.328,0.183,17.38
10,-0.960,0.752,9.990,0.603,1.527,0.267,17.47
11,-0.972,0.764,9.958,0.748,1.313,0.359,17.61
12,-0.946,0.740,9.935,0.710,1.557,0.290,17.42
13,-0.948,0.738,9.942,0.748,1.328,0.130,17.75
14,-0.980,0.752,9.937,0.656,1.466,0.366,17.75
15,-0.975,0.733,9.944,0.870,1.351,0.191,17.75
16,-0.948,0.747,9.925,0.802,1.328,0.511,17.61
17,-0.977,0.738,9.949,0.618,1.275,0.664,17.57
18,-0.968,0.752,9.899,0.595,1.374,0.198,17.75
19,-0.956,0.762,9.935,0.687,1.412,0.359,17.71
20,-0.927,0.759,9.875,0.603,1.344,0.282,17.42
21,-0.956,0.745,9.911,0.893,1.305,0.443,17.47
22,-0.975,0.752,9.911,0.733,1.435,0.015,17.75
23,-0.994,0.742,9.954,0.740,1.229,0.244,17.47
24,-0.972,0.742,9.966,0.779,1.634,0.160,17.71
25,-0.958,0.733,9.973,0.763,1.252,0.313,17.38
26,-0.980,0.757,9.935,0.779,1.489,0.267,17.61
27,-0.941,0.730,9.906,0.771,1.237,0.084,17.71
28,-0.958,0.778,9.954,0.618,1.435,0.046,17.61
29,-0.968,0.745,9.937,0.740,1.290,0.267,17.80
30,-0.994,0.766,9.935,0.641,1.137,0.351,17.42
31,-0.936,0.795,9.932,0.580,1.534,0.076,17.75
32,-0.958,0.723,9.947,0.893,1.504,0.260,17.61
33,-0.958,0.735,9.920,0.656,1.397,0.466,17.42
34,-0.953,0.723,9.913,0.824,1.534,0.397,17.57
35,-0.953,0.735,9.958,0.779,1.634,0.328,17.75
36,-0.972,0.728,9.963,0.580,1.252,0.298,17.89
37,-0.980,0.757,9.920,0.672,1.298,0.603,17.75
38,-0.975,0.714,9.939,0.527,1.389,0.275,17.47
39,-0.970,0.733,9.958,0.634,1.450,0.374,17.71
40,-0.977,0.735,9.935,0.771,1.611,0.275,17.42
41,-0.951,0.754,9.949,0.695,1.656,0.366,17.61
42,-0.980,0.774,9.954,0.748,1.611,0.420,17.38
43,-0.975,0.733,9.915,0.748,1.214,0.183,17.28
44,-0.963,0.728,9.918,0.756,1.351,0.344,17.61
45,-0.963,0.745,9.927,0.641,1.611,-0.061,17.71
46,-0.956,0.735,9.911,0.641,1.473,0.344,17.61
47,-0.958,0.740,9.927,0.870,1.191,0.511,17.57
48,-0.934,0.730,9.963,0.557,1.366,0.305,17.71
49,-0.980,0.740,9.920,0.702,1.305,0.076,17.57
50,-0.951,0.747,9.947,0.641,1.153,0.527,17.57
51,-0.982,0.762,9.954,0.588,1.466,0.092,17.57
52,-1.001,0.754,9.913,0.733,1.435,0.038,17.61
53,-0.970,0.738,9.949,0.519,1.305,0.206,17.47
54,-0.941,0.745,9.927,0.618,1.351,0.321,17.57
55,-0.977,0.730,9.978,0.725,1.405,0.298,17.57
56,-0.972,0.711,9.942,0.740,1.290,0.382,17.57
57,-0.972,0.788,9.935,0.725,1.298,0.466,17.47
58,-0.984,0.730,9.944,0.626,1.511,0.122,17.61
59,-0.948,0.759,9.918,0.947,1.282,0.191,17.38
60,-0.992,0.750,9.968,0.641,1.237,-0.031,17.71
61,-0.944,0.752,9.935,0.786,1.214,0.366,17.47
62,-0.980,0.759,9.872,0.672,1.397,0.573,17.71
63,-0.975,0.766,9.903,0.718,1.412,0.198,17.80
64,-0.972,0.742,9.920,0.534,1.351,0.244,17.61
65,-0.929,0.788,9.956,0.748,1.542,0.321,17.61
66,-0.996,0.781,9.963,0.565,1.603,0.397,17.71
67,-1.006,0.690,9.942,0.817,1.412,0.183,17.61
68,-0.977,0.752,9.982,0.847,1.313,0.504,17.75
69,-0.963,0.766,9.992,0.779,1.328,0.221,17.61
70,-0.968,0.740,9.968,0.595,1.344,0.336,17.75
71,-0.922,0.757,9.937,0.771,1.458,0.099,17.61
72,-0.980,0.747,9.935,0.649,1.435,0.183,17.75
73,-0.932,0.764,9.973,0.588,1.473,0.107,17.71
74,-0.963,0.697,9.970,0.733,1.435,0.145,17.61
75,-0.972,0.752,9.913,0.435,1.328,0.489,17.38
76,-0.929,0.726,9.985,0.817,1.611,0.298,17.75
77,-0.946,0.719,9.990,0.641,1.504,0.412,17.57
78,-0.965,0.730,9.915,0.595,1.519,0.145,17.71
79,-0.936,0.728,9.963,0.771,1.260,0.191,17.71
80,-0.958,0.719,9.915,0.687,1.481,0.198,17.57
81,-0.963,0.774,9.980,0.786,1.252,0.214,17.28
82,-1.013,0.771,9.913,0.695,1.511,0.183,17.47
83,-0.956,0.774,9.963,0.756,1.458,0.389,17.75
84,-0.968,0.719,9.906,0.550,1.321,0.191,17.57
85,-0.934,0.707,9.908,0.511,1.176,0.298,17.42
86,-0.999,0.774,9.963,0.664,1.466,0.252,17.47
87,-0.929,0.752,9.877,0.603,1.244,0.282,17.71
88,-0.982,0.752,9.970,0.557,1.412,0.191,17.61
89,-0.963,0.747,9.937,0.710,1.710,0.069,17.57
90,-0.977,0.759,9.975,0.733,1.305,0.443,17.57
91,-0.960,0.776,9.939,0.695,1.374,0.191,17.75
92,-0.939,0.764,9.932,0.794,1.420,0.389,17.61
93,-0.932,0.762,9.927,0.733,1.252,-0.084,17.71
94,-0.939,0.709,9.937,0.710,1.267,0.214,17.47
95,-0.996,0.730,9.935,0.649,1.328,0.313,17.24
96,-0.934,0.733,9.966,0.695,1.382,0.466,17.61
97,-0.994,0.769,9.999,0.634,1.443,0.328,17.57
98,-0.977,0.747,9.927,0.649,1.542,0.290,17.71
99,-0.972,0.747,9.973,0.573,1.336,0.359,17.71
100,-0.987,0.738,9.954,0.733,1.382,0.290,17.42
101,-0.970,0.726,9.894,0.855,1.420,0.076,17.80
102,-0.946,0.769,9.963,0.733,1.435,0.328,17.57
103,-0.953,0.742,10.009,0.702,1.336,0.420,17.61
104,-0.963,0.728,9.951,0.588,1.359,0.092,17.75
105,-1.004,0.759,9.999,0.733,1.443,0.427,17.71
106,-0.970,0.795,9.992,0.626,1.198,0.160,17.61
107,-0.984,0.699,9.925,0.603,1.435,0.450,17.61
108,-0.929,0.733,9.923,0.618,1.397,-0.115,17.71
109,-0.951,0.759,9.906,0.664,1.229,0.145,17.57
110,-0.941,0.747,9.947,0.855,0.954,0.221,17.57
111,-1.015,0.728,9.939,0.656,1.328,0.290,17.47
112,-0.941,0.740,9.875,0.756,1.351,0.603,17.42
113,-0.956,0.735,9.944,0.718,1.511,0.183,17.42
114,-0.951,0.738,9.951,0.840,1.580,0.435,17.42
115,-0.939,0.766,9.947,0.885,1.405,0.458,17.71
116,-0.989,0.740,9.901,0.672,1.489,0.298,17.47
117,-0.989,0.759,9.913,0.611,1.351,0.298,17.61
118,-0.951,0.735,9.951,0.740,1.527,0.031,17.75
119,-0.965,0.786,9.968,0.817,1.382,0.183,17.80
120,-0.963,0.793,9.911,0.672,1.443,0.511,17.61
121,-0.946,0.750,9.923,0.733,1.580,0.122,17.80
122,-0.953,0.752,9.942,0.420,1.351,0.466,17.61
123,-0.975,0.738,9.935,0.641,1.427,0.366,17.47
124,-0.951,0.740,9.915,0.687,1.481,0.191,17.71
125,-0.975,0.742,9.956,0.740,1.328,-0.046,17.57
126,-0.963,0.716,9.911,0.832,1.275,0.115,17.80
127,-0.963,0.740,9.992,0.786,1.656,0.450,17.57
128,-0.980,0.752,9.932,0.511,1.458,0.374,17.38
129,-0.965,0.733,9.954,0.634,1.382,0.153,17.61
130,-0.951,0.716,9.973,0.733,1.473,0.374,17.47
131,-0.956,0.742,9.961,0.382,1.389,0.000,17.38
132,-0.980,0.714,9.939,0.489,1.496,0.275,17.75
133,-0.968,0.764,9.956,0.618,1.565,0.374,17.75
134,-0.975,0.752,9.939,0.802,1.275,0.534,17.75
135,-1.001,0.709,9.925,0.458,1.534,0.389,17.47
136,-0.936,0.726,9.982,0.611,1.435,0.282,17.57
137,-0.946,0.721,9.980,0.595,1.290,0.252,17.38
138,-0.984,0.730,9.920,0.672,1.313,0.000,17.47
139,-0.980,0.759,9.954,1.015,1.160,0.420,17.47
140,-0.963,0.750,9.930,0.656,1.237,0.252,17.47
141,-0.944,0.735,9.951,0.702,1.458,0.275,17.57
142,-0.953,0.745,9.966,0.519,1.290,0.405,17.71
143,-1.001,0.735,9.978,0.672,1.267,0.176,17.71
144,-0.968,0.771,9.930,0.725,1.351,0.198,17.57
145,-0.965,0.750,9.966,0.649,1.527,0.427,17.80
146,-0.984,0.745,9.973,0.718,1.344,0.282,17.42
147,-0.980,0.762,9.961,0.710,1.252,0.344,17.61
148,-0.946,0.735,9.939,0.733,1.473,0.198,17.57
149,-0.980,0.709,9.956,0.496,1.412,0.260,17.61
150,-0.920,0.721,9.980,0.878,1.397,0.214,17.75
151,-0.972,0.721,9.894,0.595,1.313,0.198,17.47
152,-0.970,0.752,10.021,0.656,1.305,0.214,17.80
153,-0.965,0.738,9.913,0.786,1.481,0.160,17.71
154,-0.989,0.754,9.923,0.702,1.420,0.290,17.57
155,-0.948,0.747,9.944,0.748,1.641,0.313,17.61
156,-0.963,0.745,9.968,0.649,1.290,0.191,17.75
157,-0.970,0.747,9.903,1.153,1.397,0.382,17.47
158,-0.936,0.709,9.870,0.595,1.527,0.046,17.42
159,-0.951,0.774,9.896,0.427,1.374,0.153,17.61
160,-0.977,0.752,9.918,0.489,1.206,0.092,17.75
161,-0.956,0.733,9.882,0.511,1.412,0.229,17.42
162,-0.927,0.790,10.004,0.550,1.550,0.244,17.47
163,-0.953,0.759,9.918,0.695,1.321,0.046,17.75
164,-0.953,0.740,9.961,0.656,1.504,0.290,17.47
165,-0.929,0.719,9.985,0.496,1.321,0.344,17.42
166,-0.982,0.752,9.908,0.817,1.221,0.130,17.47
167,-1.004,0.740,9.978,0.855,1.321,0.473,17.75
168,-0.960,0.750,9.954,0.611,1.260,0.336,17.38
169,-0.951,0.766,9.951,0.450,1.397,0.298,17.71
170,-0.987,0.778,9.968,0.641,1.466,0.176,17.71
171,-0.948,0.742,9.961,0.908,1.656,0.214,17.42
172,-0.941,0.719,9.966,0.573,1.298,0.122,17.57
173,-0.968,0.711,10.004,0.878,1.366,0.122,17.71
174,-0.932,0.766,9.939,0.748,1.160,0.389,17.57
175,-0.941,0.745,9.966,0.626,1.397,0.290,17.61
176,-0.960,0.742,9.961,0.695,1.458,0.336,17.61
177,-0.946,0.738,9.918,0.733,1.176,0.336,17.57
178,-0.915,0.742,9.930,0.740,1.458,0.519,17.47
179,-0.927,0.740,9.899,0.702,1.405,0.099,17.57
180,-0.941,0.762,9.930,0.786,1.328,0.473,17.61
181,-0.948,0.757,9.915,0.641,1.313,0.053,17.38
182,-0.960,0.704,9.951,0.832,1.328,0.321,17.61
183,-0.951,0.754,9.978,0.702,1.244,0.405,17.42
184,-0.989,0.711,9.949,0.626,1.351,0.160,17.57
185,-0.936,0.747,9.927,0.710,1.466,0.328,17.38
186,-0.963,0.762,9.944,0.695,1.336,0.229,17.71
187,-0.982,0.752,9.911,0.588,1.435,0.183,17.61
188,-1.001,0.752,10.030,0.802,1.435,0.076,17.71
189,-0.984,0.747,9.963,0.656,1.328,0.450,17.47
190,-0.987,0.735,9.870,0.565,1.176,0.206,17.57
191,-0.963,0.723,9.956,0.695,1.153,0.130,17.47
192,-0.953,0.733,9.944,0.771,1.160,0.183,17.75
193,-0.963,0.730,9.944,0.458,1.328,0.092,17.61
194,-0.970,0.750,9.932,0.611,1.328,0.237,17.61
195,-0.970,0.728,9.961,0.763,1.282,0.137,17.38
196,-0.941,0.745,9.937,0.794,1.397,0.321,17.42
197,-0.963,0.771,9.939,0.618,1.015,0.366,17.57
198,-0.939,0.730,9.901,0.565,1.252,0.267,17.61
199,-0.936,0.750,9.915,0.840,1.420,0.359,17.61
200,-0.980,0.759,9.973,0.641,1.504,0.168,17.57
201,-0.963,0.728,9.944,0.756,1.573,0.046,17.28
202,-0.975,0.764,9.958,0.702,1.382,-0.023,17.61
203,-1.004,0.733,9.930,0.672,1.458,0.130,17.47
204,-0.980,0.759,9.958,0.931,1.321,0.214,17.42
205,-0.965,0.735,9.942,0.542,1.344,0.282,17.38
206,-0.970,0.721,9.963,0.779,1.527,0.244,17.61
207,-0.980,0.733,9.978,0.809,1.351,0.221,17.75
208,-0.965,0.733,9.975,0.427,1.282,0.244,17.61
209,-0.939,0.776,9.970,0.565,1.534,0.191,17.61
210,-0.965,0.735,9.956,0.718,1.267,0.183,17.42
211,-0.960,0.742,9.927,0.504,1.313,0.298,17.61
212,-0.953,0.769,9.889,0.634,1.389,0.267,17.71
213,-0.992,0.721,9.992,0.695,1.458,0.389,17.71
214,-1.039,0.774,9.956,0.672,1.366,0.305,17.38
215,-0.936,0.747,9.947,0.786,1.458,-0.015,17.75
216,-0.975,0.800,9.911,0.603,1.206,0.305,17.57
217,-0.963,0.754,9.958,0.695,1.427,0.626,17.57
218,-0.977,0.742,9.906,0.733,1.252,0.412,17.42
219,-0.944,0.754,9.954,0.702,1.328,0.069,17.61
220,-0.996,0.750,9.961,0.939,1.290,0.344,17.75
221,-0.960,0.730,9.947,0.702,1.420,0.344,17.80
222,-0.932,0.759,9.970,0.641,1.626,0.328,17.57
223,-0.965,0.757,9.927,0.916,1.359,0.252,17.57
224,-0.963,0.740,9.970,0.771,1.382,0.305,17.71
225,-0.946,0.752,9.963,0.718,1.282,0.244,17.61
226,-0.922,0.754,9.935,0.702,1.267,0.275,17.57
227,-0.944,0.728,9.975,0.855,1.328,0.191,17.42
228,-0.944,0.745,9.925,0.740,1.443,0.443,17.75
229,-0.965,0.728,9.930,0.771,1.450,0.214,17.57
230,-0.972,0.757,9.930,0.542,1.282,-0.015,17.71
231,-0.965,0.745,9.923,0.542,1.015,0.092,17.38
232,-0.932,0.754,9.963,0.931,1.351,0.321,17.71
233,-0.951,0.711,9.913,0.618,1.435,0.267,17.75
234,-0.975,0.750,9.942,0.542,1.496,0.328,17.47
235,-0.965,0.726,9.951,0.725,1.198,0.366,17.80
236,-0.963,0.730,9.877,0.763,1.359,0.405,17.57
237,-0.958,0.726,9.915,0.832,1.382,0.420,17.71
238,-0.963,0.757,9.930,0.527,1.237,0.069,17.61
239,-0.953,0.740,9.918,0.496,1.496,0.214,17.38
240,-0.944,0.733,9.879,0.649,1.412,0.405,17.61
241,-0.951,0.742,9.879,0.695,1.618,0.374,17.71
242,-0.953,0.766,9.925,0.573,1.267,0.145,17.71
243,-0.951,0.733,9.939,0.672,1.511,0.557,17.89
244,-0.987,0.719,9.932,0.847,1.435,0.290,17.47
245,-0.951,0.745,9.968,0.679,1.252,0.137,17.57
246,-0.965,0.774,9.942,0.817,1.458,0.344,17.42
247,-0.968,0.733,9.973,0.672,1.519,0.382,17.75
248,-0.982,0.740,9.942,0.595,1.672,0.282,17.57
249,-0.953,0.742,9.925,0.740,1.405,0.214,17.57
250,-0.999,0.766,9.975,0.756,1.427,0.336,17.80
251,-0.951,0.733,9.939,0.565,1.252,0.046,17.61
252,-0.927,0.709,9.949,0.840,1.565,0.092,17.57
253,-0.946,0.757,9.987,0.565,1.450,0.290,17.61
254,-0.920,0.762,9.947,0.878,1.481,0.466,17.71
255,-0.934,0.735,9.911,0.634,1.702,0.496,17.71
256,-0.977,0.754,9.975,0.496,1.214,0.221,17.71
257,-1.006,0.742,9.978,0.893,1.305,-0.053,17.75
258,-1.004,0.714,9.970,0.496,1.183,0.397,17.71
259,-0.941,0.757,9.875,0.756,1.672,0.191,17.71
260,-0.963,0.719,9.968,0.771,1.260,0.634,17.38
261,-0.953,0.714,9.956,0.649,1.198,0.359,17.75
262,-0.958,0.786,9.942,0.672,1.344,0.122,17.71
263,-0.996,0.757,9.947,0.611,1.718,0.153,17.71
264,-0.975,0.762,9.923,0.817,1.389,0.145,17.80
265,-0.913,0.764,9.980,0.725,1.458,0.229,17.61
266,-0.960,0.726,9.970,0.824,1.336,0.092,17.71
267,-0.929,0.740,9.932,0.634,1.351,0.305,17.75
268,-0.975,0.754,9.990,0.763,1.435,0.092,17.61
269,-0.946,0.759,9.975,0.611,1.198,0.527,17.61
270,-0.980,0.757,9.958,0.580,1.267,0.527,17.42
271,-0.999,0.733,9.992,0.473,1.489,0.053,17.57
272,-0.956,0.702,9.951,0.893,1.618,0.160,17.47
273,-0.982,0.742,9.975,0.924,1.634,0.282,17.75
274,-0.948,0.735,9.939,0.863,1.298,0.351,17.57
275,-0.958,0.702,9.937,0.763,1.305,0.244,17.47
276,-0.975,0.735,9.939,0.649,1.290,0.099,17.47
277,-0.970,0.745,9.999,0.733,1.298,0.099,17.71
278,-0.987,0.752,9.930,0.603,1.489,0.328,17.57
279,-0.958,0.721,9.932,0.718,1.565,0.389,17.47
280,-0.994,0.754,9.992,0.809,1.351,0.336,17.75
281,-0.987,0.730,10.002,0.664,1.244,0.366,17.57
282,-0.977,0.750,9.947,0.695,1.221,0.237,17.57
283,-0.951,0.716,9.901,0.794,1.252,0.214,17.61
284,-0.929,0.788,9.932,0.565,1.527,0.412,17.47
285,-0.941,0.769,9.947,0.588,1.290,0.244,17.47
286,-1.004,0.730,9.908,0.756,1.489,0.214,17.19
287,-0.927,0.742,9.942,0.634,1.481,0.237,17.75
288,-0.982,0.750,9.932,0.664,1.527,0.298,17.61
289,-0.960,0.723,9.920,0.588,1.160,0.344,17.71
290,-0.970,0.742,9.901,0.504,1.511,0.183,17.42
291,-0.941,0.742,9.949,0.740,1.290,0.168,17.61
292,-0.977,0.716,9.915,0.611,1.359,0.298,17.75
293,-0.951,0.709,9.932,0.672,1.542,0.389,17.42
294,-0.965,0.738,9.949,0.733,1.282,0.496,17.61
295,-0.944,0.747,9.970,0.626,1.420,0.244,17.38
296,-0.932,0.740,9.954,0.664,1.282,0.176,17.57
297,-0.903,0.759,9.954,0.710,1.130,0.389,17.47
298,-0.987,0.733,9.908,0.672,1.374,0.275,17.61
299,-0.965,0.757,9.863,0.756,1.519,0.160,17.47
300,-0.934,0.704,9.937,0.588,1.359,0.397,17.61
301,-0.941,0.716,9.923,0.687,1.260,0.389,17.42
302,-0.972,0.769,9.879,0.634,1.260,0.466,17.57
303,-0.927,0.747,9.870,0.626,1.473,0.191,17.42
304,-0.932,0.721,9.951,0.809,1.244,-0.046,17.47
305,-0.956,0.759,9.884,0.672,1.351,0.130,17.61
306,-0.960,0.757,9.923,0.748,1.427,0.115,17.61
307,-0.934,0.771,9.944,0.763,1.427,0.351,17.47
308,-0.994,0.754,9.935,0.916,1.473,0.511,17.71
309,-1.001,0.742,9.949,0.908,1.107,0.382,17.61
310,-0.982,0.750,9.961,0.626,1.496,0.237,17.80
311,-0.956,0.719,9.930,0.771,1.214,0.153,17.61
312,-0.944,0.726,9.906,0.611,1.397,0.122,17.61
313,-0.984,0.762,9.951,0.687,1.481,0.046,17.61
314,-0.980,0.764,9.966,0.687,1.336,0.489,17.47
315,-0.987,0.742,9.939,0.679,1.733,0.252,17.42
316,-0.924,0.750,10.006,0.611,1.214,0.275,17.42
317,-0.972,0.745,9.911,0.672,1.443,0.290,17.61
318,-0.960,0.757,9.937,0.664,1.412,0.435,17.71
319,-0.970,0.735,9.956,0.748,1.389,0.344,17.47
320,-0.992,0.728,9.937,0.870,1.443,0.282,17.80
321,-0.977,0.745,9.908,0.718,1.313,0.450,17.71
322,-0.972,0.769,9.923,0.794,1.443,0.351,17.61
323,-0.984,0.735,9.966,0.687,1.427,0.382,17.47
324,-0.958,0.754,9.970,0.756,1.443,0.412,17.47
325,-0.958,0.738,9.920,0.595,1.267,0.420,17.61
326,-0.917,0.728,9.966,0.779,1.145,0.244,17.71
327,-0.939,0.754,10.009,0.779,1.397,-0.015,17.71
328,-0.965,0.747,9.865,0.603,1.183,0.473,17.71
329,-0.956,0.788,9.970,0.664,1.183,0.542,17.47
330,-0.977,0.798,9.899,0.595,1.069,-0.038,17.75
331,-0.994,0.776,9.920,0.565,1.466,0.412,17.38
332,-0.989,0.757,9.913,0.901,1.695,0.298,17.75
333,-0.972,0.742,9.973,0.771,1.298,0.351,17.57
334,-0.936,0.735,9.937,0.542,1.160,0.122,17.47
335,-0.941,0.750,9.980,0.573,1.282,0.275,17.47
336,-0.972,0.707,9.939,1.061,1.290,0.206,17.75
337,-0.970,0.719,9.949,0.611,1.481,0.176,17.75
338,-0.953,0.728,9.920,0.443,1.130,0.275,17.61
339,-0.963,0.769,9.908,0.702,1.511,0.107,17.75
340,-0.941,0.735,9.918,0.573,1.443,0.053,17.38
341,-0.944,0.757,9.918,0.588,1.336,0.252,17.61
342,-0.968,0.786,9.896,0.916,1.412,0.504,17.61
343,-0.941,0.745,9.930,0.565,1.351,0.359,17.75
344,-0.948,0.716,10.026,0.725,1.496,0.275,17.61
345,-0.968,0.783,10.002,0.595,1.519,0.443,17.38
346,-0.999,0.750,9.954,0.748,1.420,0.267,17.47
347,-0.932,0.728,9.954,0.809,1.412,0.237,17.57
348,-0.956,0.716,9.978,0.679,1.321,0.313,17.24
349,-0.939,0.714,9.939,0.611,1.275,0.321,17.80
350,-0.934,0.742,9.918,0.710,1.366,0.298,17.61
351,-0.951,0.738,9.927,0.519,1.191,0.130,17.71
352,-0.944,0.738,9.951,0.748,1.489,0.313,17.61
353,-0.946,0.726,9.927,0.779,1.450,0.153,17.80
354,-0.984,0.723,9.956,0.565,1.519,0.298,17.42
355,-0.968,0.697,9.867,0.786,1.382,-0.008,17.57
356,-0.956,0.733,9.937,0.748,1.481,0.382,17.71
357,-0.936,0.728,9.947,0.641,1.481,0.290,17.47
358,-0.982,0.714,9.958,0.603,1.405,0.282,17.71
359,-0.968,0.747,9.990,0.557,1.412,0.405,17.71
360,-0.960,0.759,9.949,0.725,1.481,0.214,17.71
361,-0.977,0.742,9.963,0.649,1.405,0.504,17.47
362,-0.994,0.759,9.944,0.519,1.366,0.305,17.47
363,-0.982,0.769,9.937,0.595,1.252,0.496,17.38
364,-0.958,0.728,9.935,0.855,1.107,0.405,17.75
365,-0.970,0.740,9.918,0.740,1.198,0.382,17.75
366,-0.920,0.738,10.011,0.756,1.458,0.214,17.42
367,-0.989,0.745,9.927,0.817,1.321,0.099,17.61
368,-0.956,0.723,9.949,0.809,1.336,0.420,17.47
369,-0.936,0.754,9.939,0.649,1.595,0.656,17.57
370,-0.960,0.745,9.932,0.763,1.313,0.511,17.57
371,-0.965,0.752,9.961,0.870,1.298,0.206,17.57
372,-1.008,0.747,9.911,0.756,1.260,0.260,17.42
373,-0.970,0.709,9.930,0.878,1.496,0.389,17.42
374,-0.980,0.735,9.963,0.595,1.237,0.244,17.57
375,-0.953,0.735,10.009,0.786,1.275,0.267,17.61
376,-0.968,0.752,9.963,0.626,1.473,0.137,17.61
377,-0.994,0.726,9.968,0.840,1.527,0.382,17.75
378,-0.968,0.747,9.932,0.641,1.550,0.328,17.80
379,-0.948,0.740,9.947,0.947,1.282,0.275,17.75
380,-0.944,0.728,10.002,0.908,1.458,0.305,17.47
381,-0.965,0.716,9.956,0.672,1.099,0.252,17.57
382,-0.963,0.714,9.975,0.863,1.115,0.214,17.71
383,-0.946,0.726,9.944,0.748,1.206,0.183,17.80
384,-0.941,0.754,9.949,0.511,1.198,0.221,17.61
385,-0.956,0.721,9.963,1.008,1.168,0.344,17.71
386,-0.968,0.750,9.918,0.679,1.290,0.290,17.42
387,-0.972,0.759,9.891,0.603,1.542,-0.023,17.28
388,-0.975,0.721,9.992,0.786,1.496,0.328,17.80
389,-0.953,0.747,9.958,0.725,1.290,0.435,17.47
390,-0.970,0.747,9.937,0.672,1.397,0.221,17.42
391,-0.929,0.711,9.937,0.427,1.290,0.481,17.38
392,-0.956,0.759,9.903,0.885,1.198,0.229,17.71
393,-0.977,0.764,9.937,0.756,1.252,0.313,17.57
394,-0.941,0.788,9.958,0.939,1.603,0.137,17.42
395,-0.958,0.778,9.985,0.603,1.580,0.366,17.61
396,-0.939,0.733,9.954,0.603,1.351,0.084,17.57
397,-0.984,0.754,9.937,0.550,1.198,0.214,17.47
398,-0.948,0.704,9.975,0.626,1.473,0.069,17.38
399,-0.958,0.771,9.903,0.595,1.366,0.107,17.47
400,-0.975,0.726,9.901,0.756,1.504,0.176,17.42
401,-0.948,0.730,9.923,0.702,1.496,0.107,17.71
402,-0.920,0.762,9.970,0.802,1.305,0.366,17.42
403,-0.984,0.774,9.982,0.588,1.206,0.053,17.42
404,-0.982,0.738,9.932,0.870,1.191,0.527,17.61
405,-0.975,0.740,9.930,0.588,1.527,0.313,17.61
406,-0.968,0.728,9.887,0.962,1.275,0.458,17.75
407,-0.936,0.781,9.915,0.809,1.351,0.366,17.57
408,-0.987,0.771,9.891,0.870,1.397,0.122,17.38
409,-0.963,0.707,9.978,0.664,1.634,0.267,17.47
410,-0.975,0.774,9.920,0.595,1.504,0.206,17.57
411,-0.977,0.742,9.935,0.511,1.466,0.076,17.38
412,-0.913,0.699,9.913,0.473,1.557,0.275,17.89
413,-0.915,0.759,9.932,0.779,1.153,0.099,17.80
414,-0.913,0.711,9.944,0.702,1.168,0.061,17.75
415,-0.968,0.757,9.925,0.656,1.397,0.443,17.71
416,-0.958,0.776,9.947,0.611,1.382,0.374,17.61
417,-0.968,0.723,9.930,0.725,1.397,0.176,17.80
418,-0.936,0.745,9.968,0.550,1.313,0.328,17.71
419,-0.972,0.766,9.947,0.985,1.382,0.427,17.71
420,-0.965,0.740,9.978,0.527,1.366,0.137,17.75
421,-0.987,0.704,9.935,0.656,1.412,0.290,17.57
422,-0.982,0.730,9.968,0.916,1.458,0.260,17.57
423,-0.958,0.742,9.980,0.763,1.237,0.389,17.71
424,-0.963,0.716,9.937,0.565,1.168,-0.031,17.47
425,-0.953,0.774,9.947,0.656,1.328,0.382,17.42
426,-0.958,0.740,9.987,0.718,1.466,0.198,17.42
427,-0.968,0.730,9.949,0.824,1.298,0.260,17.71
428,-0.960,0.781,9.947,0.733,1.641,0.229,17.61
429,-0.934,0.735,9.942,0.687,1.328,0.344,17.47
430,-0.958,0.733,9.992,0.802,1.267,0.206,17.75
431,-0.980,0.750,9.997,0.641,1.427,-0.008,17.57
432,-0.941,0.771,9.908,0.702,1.573,0.168,17.57
433,-0.948,0.786,9.966,0.802,1.130,0.031,17.61
434,-0.968,0.723,9.966,0.855,1.282,0.359,17.61
435,-0.977,0.742,10.011,0.702,1.374,0.366,17.80
436,-0.975,0.742,9.997,0.664,1.282,0.061,17.57
437,-0.932,0.769,9.961,0.740,1.618,0.382,17.75
438,-0.965,0.742,9.956,0.443,1.382,0.099,17.61
439,-0.948,0.730,9.913,0.710,1.244,0.122,17.61
440,-0.958,0.745,9.906,0.618,1.374,0.252,17.57
441,-0.980,0.714,9.937,0.779,1.466,0.275,17.61
442,-0.948,0.740,9.899,0.794,1.534,0.214,17.61
443,-0.958,0.764,9.896,0.794,1.519,0.420,17.71
444,-0.996,0.711,9.915,0.771,1.534,0.489,17.57
445,-0.946,0.747,9.980,0.374,1.573,0.267,17.57
446,-0.960,0.754,9.939,0.672,1.382,0.031,17.57
447,-1.011,0.774,9.949,0.740,1.443,0.427,17.47
448,-0.987,0.759,9.899,0.641,1.321,0.237,17.47
449,-0.939,0.735,9.973,0.870,1.351,0.214,17.42
450,-0.946,0.776,9.925,0.779,1.321,0.275,17.38
451,-0.972,0.750,9.968,0.641,1.282,0.435,17.61
452,-0.963,0.742,9.973,0.595,1.542,0.260,17.80
453,-0.960,0.745,9.978,0.794,1.244,0.244,17.61
454,-0.936,0.788,9.942,0.687,1.450,0.290,17.75
455,-0.970,0.783,9.978,0.763,1.473,0.382,17.47
456,-0.951,0.728,9.927,0.748,1.267,0.275,17.71
457,-0.980,0.745,9.973,0.718,1.275,0.313,17.61
458,-0.956,0.738,10.002,0.824,1.382,0.450,17.47
459,-0.984,0.786,9.932,0.718,1.397,0.092,17.71
460,-0.960,0.695,9.956,0.771,1.282,0.313,17.61
461,-0.972,0.752,9.970,0.611,1.244,0.450,17.57
462,-0.972,0.740,9.915,0.756,1.214,0.145,17.61
463,-0.994,0.735,9.961,0.634,1.481,0.374,17.57
464,-0.965,0.735,9.920,0.550,1.466,0.115,17.42
465,-0.970,0.764,9.966,0.840,1.733,0.260,17.61
466,-0.936,0.719,9.939,0.763,1.366,0.221,17.71
467,-0.982,0.762,9.968,0.748,1.298,0.626,17.42
468,-0.946,0.790,9.966,0.756,1.580,0.221,17.80
469,-0.958,0.733,9.954,0.748,1.427,0.267,17.57
470,-0.965,0.752,9.987,0.679,1.153,0.137,17.71
471,-0.989,0.747,9.963,0.809,1.130,0.397,17.75
472,-0.951,0.730,9.961,0.870,1.290,0.527,17.61
473,-0.956,0.742,9.942,0.794,1.321,0.336,17.75
474,-0.941,0.750,9.923,0.542,1.298,0.282,17.71
475,-0.970,0.730,9.966,0.725,1.626,-0.053,17.57
476,-0.994,0.766,9.894,0.588,1.321,0.420,17.75
477,-0.965,0.738,9.987,0.718,1.374,0.061,17.61
478,-0.941,0.752,9.956,0.626,1.351,0.427,17.71
479,-0.946,0.730,9.968,0.580,1.405,0.427,17.57
480,-0.953,0.769,9.925,0.565,1.473,0.290,17.42
481,-0.982,0.709,9.939,0.824,1.336,0.435,17.57
482,-0.960,0.750,9.901,0.779,1.351,0.191,17.61
483,-0.936,0.757,9.982,0.656,1.374,0.305,17.71
484,-0.960,0.733,10.026,0.656,1.313,0.206,17.57
485,-0.972,0.745,9.980,0.611,1.321,0.275,17.75
486,-0.965,0.735,9.913,0.733,1.374,0.069,17.61
487,-0.941,0.726,9.891,0.748,1.374,0.344,17.61
488,-0.984,0.745,9.966,0.573,1.504,0.198,17.47
489,-0.951,0.766,9.937,0.565,1.290,0.252,17.61
490,-0.980,0.750,9.915,0.489,1.489,0.519,17.75
491,-0.980,0.726,10.004,0.809,1.084,0.282,17.89
492,-0.963,0.711,9.944,0.611,1.214,0.260,17.61
493,-0.984,0.754,9.968,0.931,1.405,0.214,17.61
494,-0.963,0.707,9.927,0.557,1.427,0.282,17.71
495,-0.975,0.740,9.954,1.008,1.344,0.405,17.75
496,-0.975,0.728,9.975,0.901,1.397,0.130,17.61
497,-0.958,0.740,9.951,0.718,1.160,0.290,17.47
498,-0.968,0.757,9.966,0.733,1.366,0.244,17.47
499,-0.948,0.750,10.002,0.351,1.466,0.153,17.47
500,-0.951,0.709,9.997,0.595,1.435,0.282,17.80
501,-0.951,0.716,9.942,0.618,1.397,0.420,17.47
502,-0.913,0.695,9.951,0.824,1.305,0.282,17.75
503,-0.968,0.721,9.985,0.947,1.351,0.115,17.75
504,-0.934,0.711,9.906,0.893,1.557,0.359,17.47
505,-0.968,0.769,9.978,0.840,1.359,0.458,17.28
506,-0.975,0.750,9.997,0.702,1.473,0.389,17.75
507,-0.963,0.707,9.975,0.496,1.405,0.298,17.61
508,-0.958,0.711,9.932,0.565,1.542,0.412,17.71
509,-0.977,0.733,9.925,0.557,1.366,0.252,17.42
510,-0.984,0.754,9.975,0.557,1.565,0.260,17.47
511,-0.956,0.766,9.999,0.641,1.496,0.366,17.47
512,-0.996,0.766,9.987,0.710,1.443,0.221,17.42
513,-0.968,0.728,9.927,0.527,1.679,0.450,17.71
514,-0.953,0.766,9.966,0.702,1.267,0.389,17.47
515,-0.984,0.762,9.987,0.817,1.366,0.458,17.75
516,-0.953,0.697,9.966,0.718,1.458,0.221,17.71
517,-0.968,0.759,9.954,0.786,1.542,0.359,17.71
518,-0.989,0.738,9.937,0.756,1.382,0.366,17.71
519,-1.004,0.742,9.937,0.641,1.519,0.267,17.47
520,-0.980,0.738,9.958,0.748,1.137,0.527,17.42
521,-0.975,0.757,9.956,0.786,1.298,0.115,17.89
522,-0.989,0.742,9.942,0.763,1.351,-0.031,17.61
523,-0.968,0.790,9.915,0.786,1.359,0.466,17.42
524,-0.970,0.740,9.915,0.756,1.351,0.336,17.71
525,-0.953,0.759,9.961,0.542,1.557,0.153,17.57
526,-0.972,0.747,9.966,0.802,1.565,0.084,17.42
527,-0.929,0.747,9.949,0.611,1.603,0.145,17.57
528,-0.975,0.740,9.944,0.756,1.443,0.275,17.61
529,-0.984,0.719,9.999,0.740,1.252,0.282,17.47
530,-0.965,0.757,10.002,0.901,1.374,0.244,17.61
531,-0.968,0.766,9.956,0.878,1.420,0.244,17.61
532,-0.975,0.735,10.004,0.740,1.427,0.435,17.75
533,-0.984,0.752,9.930,0.626,1.420,0.420,17.47
534,-0.980,0.747,10.023,0.626,1.412,0.267,17.61
535,-0.958,0.738,9.915,0.634,1.344,0.336,17.57
536,-0.956,0.759,9.978,0.626,1.519,0.389,17.80
537,-0.999,0.728,9.951,0.687,1.282,0.427,17.71
538,-0.965,0.728,9.944,0.664,1.527,0.321,17.57
539,-0.965,0.781,9.970,0.817,1.405,0.061,17.47
540,-0.965,0.726,9.927,0.702,1.611,0.351,17.42
541,-0.948,0.719,9.970,0.542,1.130,0.252,17.75
542,-0.965,0.742,9.956,0.672,1.550,0.298,17.57
543,-0.941,0.716,9.973,0.664,1.122,0.015,17.71
544,-0.941,0.798,9.915,0.664,1.618,0.252,17.61
545,-0.975,0.728,9.997,0.725,1.649,0.168,17.61
546,-0.956,0.738,9.937,0.672,1.206,0.260,17.75
547,-0.924,0.745,9.942,0.710,1.443,0.405,17.75
548,-0.953,0.726,9.915,0.771,1.069,0.374,17.61
549,-0.944,0.728,9.930,0.496,1.252,0.359,17.75
550,-0.989,0.740,9.894,0.779,1.298,0.275,17.42
551,-0.965,0.721,9.944,0.809,1.412,0.282,17.57
552,-0.972,0.750,9.942,0.618,1.580,0.389,17.38
553,-0.941,0.754,10.006,0.832,1.435,0.229,17.61
554,-0.963,0.745,9.889,0.740,1.260,0.053,17.57
555,-0.975,0.778,9.913,0.695,1.191,0.206,17.80
556,-0.944,0.781,9.901,0.702,1.511,0.252,17.61
557,-0.934,0.709,9.937,0.786,1.382,0.313,17.71
558,-0.987,0.759,9.956,0.771,1.313,0.198,17.61
559,-1.011,0.707,9.982,0.557,1.397,0.130,17.61
560,-0.932,0.752,9.980,0.656,1.305,0.374,17.71
561,-0.941,0.764,9.982,0.855,1.260,0.351,17.57
562,-0.999,0.771,10.002,0.641,1.275,0.160,17.42
563,-0.999,0.685,9.887,0.878,1.458,0.137,17.47
564,-0.984,0.740,9.939,0.718,1.275,0.137,17.47
565,-0.968,0.769,9.978,0.626,1.534,0.282,17.61
566,-0.927,0.752,9.930,0.611,1.366,-0.031,17.75
567,-0.941,0.750,9.947,0.756,1.351,0.275,17.42
568,-0.975,0.699,9.954,0.672,1.527,0.229,17.89
569,-0.924,0.762,9.942,0.779,1.267,0.221,17.57
570,-0.946,0.762,9.906,0.656,1.534,0.298,17.71
571,-0.989,0.745,9.913,0.718,1.237,0.489,17.57
572,-0.960,0.723,10.016,0.748,1.588,0.427,17.57
573,-0.968,0.752,9.927,0.908,1.427,0.450,17.71
574,-0.977,0.754,9.958,0.748,1.214,0.313,17.42
575,-0.965,0.747,9.899,0.489,1.282,0.481,17.61
576,-0.965,0.745,9.927,0.779,1.443,0.183,17.47
577,-0.999,0.762,9.958,0.794,1.260,0.328,17.47
578,-0.910,0.766,9.865,0.924,1.412,0.450,17.47
579,-0.975,0.723,9.889,0.878,1.496,0.305,17.42
580,-0.941,0.726,9.887,0.534,1.565,0.328,17.71
581,-1.004,0.692,9.920,0.901,1.550,0.298,17.57
582,-0.965,0.740,9.925,0.649,1.626,0.252,17.57
583,-0.958,0.738,9.949,0.603,1.267,0.420,17.38
584,-0.977,0.754,10.014,0.748,1.344,0.511,17.47
585,-0.936,0.759,9.954,0.695,1.366,0.053,17.75
586,-0.944,0.766,9.927,0.664,1.351,0.366,17.75
587,-0.953,0.738,9.901,0.573,1.435,0.328,17.38
588,-1.004,0.730,9.973,0.649,1.244,0.176,17.47
589,-0.968,0.745,9.923,0.641,1.496,0.122,17.57
590,-0.958,0.692,9.949,0.397,1.405,0.046,17.42
591,-0.956,0.714,9.879,0.840,1.542,0.328,17.61
592,-0.968,0.730,9.961,0.733,1.359,0.237,17.57
593,-0.977,0.738,9.870,0.779,1.313,0.382,17.42
594,-0.965,0.728,9.951,0.626,1.328,0.328,17.38
595,-0.965,0.723,9.961,0.756,1.214,0.504,17.57
596,-0.941,0.747,9.930,0.947,1.389,0.122,17.75
597,-0.934,0.764,9.975,0.679,1.542,0.275,17.61
598,-0.977,0.750,9.891,0.786,1.481,0.275,17.42
599,-0.956,0.740,9.913,0.672,1.595,0.382,17.61
600,-0.968,0.719,9.908,0.580,1.580,0.229,17.71
601,-0.982,0.745,9.961,0.611,1.519,0.542,17.47
602,-0.977,0.735,9.930,0.664,1.473,0.145,17.47
603,-0.932,0.745,9.990,0.763,1.359,0.466,17.61
604,-0.977,0.747,9.918,0.702,1.305,0.191,17.57
605,-0.963,0.699,9.901,0.733,1.435,0.359,17.57
606,-0.989,0.747,9.870,0.863,1.351,0.206,17.42
607,-0.956,0.742,9.932,0.809,1.405,0.412,17.38
608,-0.980,0.776,9.951,0.595,1.412,0.008,17.61
609,-0.953,0.730,9.908,0.695,1.313,0.366,17.57
610,-1.011,0.774,9.963,0.702,1.191,0.099,17.80
611,-0.936,0.754,9.956,0.847,1.206,0.214,17.61
612,-0.975,0.745,9.949,0.687,1.557,0.260,17.75
613,-0.982,0.721,9.954,0.740,1.412,0.511,17.42
614,-0.941,0.730,9.899,0.832,1.458,0.374,17.75
615,-0.963,0.723,9.913,0.824,1.382,0.168,17.99
616,-0.989,0.750,9.937,0.740,1.534,0.237,17.71
617,-0.999,0.714,9.973,1.008,1.252,0.237,17.38
618,-0.958,0.750,9.949,0.458,1.412,0.336,17.42
619,-1.011,0.745,9.908,0.588,1.420,0.412,17.71
620,-0.970,0.759,9.987,0.687,1.580,0.450,17.47
621,-0.927,0.692,9.944,0.618,1.313,0.290,17.61
622,-0.951,0.740,9.990,0.565,1.489,0.015,17.61
623,-0.968,0.738,9.899,0.679,1.458,0.137,17.75
624,-0.975,0.728,9.997,0.710,1.466,0.168,17.42
625,-0.977,0.757,9.992,0.794,1.481,0.366,17.28
626,-0.968,0.757,10.023,0.710,1.466,0.328,17.57
627,-0.960,0.747,9.911,0.580,1.366,0.160,17.42
628,-1.004,0.716,9.973,0.718,1.321,0.351,17.61
629,-0.970,0.738,9.987,0.649,1.374,0.176,17.42
630,-0.975,0.762,9.911,0.863,1.458,0.153,17.57
631,-0.944,0.762,9.918,0.824,1.458,0.069,17.57
632,-0.958,0.730,9.961,0.634,1.198,0.092,17.61
633,-0.963,0.733,9.968,0.718,1.305,0.176,17.75
634,-0.958,0.723,9.911,0.550,1.298,0.206,17.57
635,-0.936,0.764,9.949,0.748,1.565,0.443,17.57
636,-0.968,0.783,9.925,0.550,1.427,0.191,17.75
637,-0.951,0.735,9.923,0.740,1.351,0.374,17.61
638,-0.924,0.793,9.975,0.618,1.382,-0.023,17.71
639,-0.936,0.754,9.918,0.664,1.298,0.260,17.57
640,-0.987,0.747,9.930,0.397,1.366,0.092,17.57
641,-0.992,0.771,9.968,0.740,1.542,0.237,17.47
642,-0.944,0.757,9.913,0.588,1.473,0.481,17.47
643,-0.946,0.738,9.899,0.595,1.260,0.145,17.75
644,-0.996,0.774,9.935,0.557,1.351,0.031,17.42
645,-0.946,0.764,9.997,0.771,1.489,0.282,17.47
646,-0.963,0.714,9.944,0.687,1.427,0.260,17.42
647,-0.963,0.750,9.956,0.733,1.351,0.214,17.47
648,-0.941,0.745,9.927,0.725,1.718,0.336,17.38
649,-0.965,0.721,9.958,0.725,1.405,0.328,17.47
650,-0.975,0.733,9.937,0.603,1.534,0.145,17.71
651,-0.987,0.764,9.942,0.695,1.527,0.214,17.75
652,-0.970,0.716,9.918,0.626,1.382,0.397,17.42
653,-0.946,0.721,9.963,0.527,1.695,0.145,17.71
654,-0.946,0.769,9.913,0.824,1.313,0.130,17.57
655,-1.006,0.745,9.901,0.710,1.481,0.374,17.71
656,-0.965,0.759,9.978,0.618,1.290,0.229,17.75
657,-0.953,0.752,9.951,0.649,1.618,0.458,17.61
658,-0.960,0.735,9.944,0.855,1.527,-0.015,17.57
659,-0.951,0.771,9.944,0.779,1.397,0.298,17.47
660,-0.980,0.709,9.968,0.527,1.069,0.527,17.47
661,-0.977,0.747,9.968,0.855,1.656,0.496,17.47
662,-0.946,0.752,9.932,0.634,1.344,0.000,17.61
663,-0.968,0.742,9.985,0.695,1.290,0.305,17.47
664,-1.001,0.795,9.966,0.824,1.412,0.221,17.61
665,-0.917,0.738,9.935,0.748,1.473,0.313,17.61
666,-0.987,0.733,9.956,0.695,1.290,0.282,17.71
667,-0.939,0.738,9.949,0.496,1.344,0.244,17.57
668,-0.936,0.778,9.958,0.710,1.374,0.481,17.61
669,-1.004,0.766,9.951,0.863,1.107,0.183,17.42
670,-0.958,0.752,9.920,0.748,1.443,0.359,17.61
671,-0.960,0.759,9.968,0.573,1.679,0.305,17.71
672,-0.958,0.764,9.947,0.939,1.237,0.061,17.61
673,-0.958,0.747,9.958,0.740,1.351,0.344,17.61
674,-0.951,0.752,9.939,0.664,1.473,0.282,17.42
675,-0.975,0.762,9.975,0.679,1.298,0.092,17.71
676,-0.939,0.771,9.882,0.504,1.298,0.466,17.42
677,-0.968,0.742,9.975,0.275,1.817,0.344,17.75
678,-0.963,0.750,9.939,0.634,1.366,0.145,17.80
679,-1.004,0.778,9.966,0.847,1.374,0.191,17.47
680,-0.980,0.776,9.915,0.641,1.412,0.336,17.71
681,-0.970,0.747,9.990,0.756,1.336,0.389,17.47
682,-0.989,0.762,9.973,0.580,0.969,0.046,17.71
683,-0.944,0.714,9.918,0.863,1.145,0.382,17.80
684,-0.929,0.742,9.927,0.649,1.267,0.191,17.71
685,-0.980,0.716,9.935,0.405,1.458,0.504,17.57
686,-0.946,0.738,9.954,0.725,1.351,0.076,17.57
687,-0.972,0.757,9.906,0.511,1.473,0.389,17.42
688,-0.951,0.740,9.923,0.771,1.252,0.550,17.61
689,-0.999,0.726,9.899,0.664,1.168,0.443,17.47
690,-0.946,0.740,9.923,0.611,1.374,0.153,17.61
691,-0.980,0.719,9.973,0.565,1.221,-0.130,17.75
692,-0.970,0.702,9.966,0.664,1.336,-0.076,17.61
693,-0.958,0.721,9.939,0.565,1.260,0.221,17.71
694,-0.977,0.735,9.920,0.679,1.351,0.328,17.61
695,-0.958,0.750,9.911,0.710,1.427,0.115,17.75
696,-0.992,0.757,9.915,0.672,1.534,0.183,17.57
697,-0.999,0.745,9.970,0.641,1.290,0.153,17.61
698,-0.968,0.745,9.973,0.626,1.305,0.298,17.71
699,-0.989,0.726,10.006,0.725,1.344,0.137,17.57
700,-0.941,0.728,9.927,0.656,1.534,0.183,17.57
701,-0.970,0.757,9.901,0.947,1.618,0.328,17.61
702,-0.960,0.730,9.937,0.733,1.145,0.084,17.75
703,-0.960,0.735,9.935,0.565,1.359,0.389,17.61
704,-0.946,0.723,9.944,0.725,1.397,0.122,17.42
705,-0.965,0.747,9.954,0.763,1.412,0.221,17.71
706,-0.953,0.757,9.913,0.641,1.275,0.061,17.38
707,-0.968,0.745,9.966,0.832,1.374,0.053,17.57
708,-0.956,0.728,9.978,0.672,1.168,0.168,17.71
709,-0.970,0.733,9.978,0.710,1.260,0.466,17.71
710,-0.951,0.752,9.954,0.779,1.366,0.305,17.75
711,-1.001,0.723,9.978,0.664,1.290,0.099,17.75
712,-1.008,0.740,9.937,0.527,1.473,0.153,17.47
713,-0.958,0.723,9.930,1.031,1.542,0.427,17.75
714,-0.951,0.754,9.963,0.992,1.305,0.198,17.61
715,-0.992,0.728,9.930,0.763,1.244,0.237,17.42
716,-0.965,0.730,9.894,0.756,1.519,0.153,17.42
717,-0.944,0.745,9.975,0.573,1.466,0.198,17.61
718,-0.960,0.745,9.992,0.824,1.389,0.290,17.75
719,-0.951,0.733,9.920,0.618,1.229,0.328,17.47
720,-0.941,0.757,9.982,0.664,1.527,0.267,17.80
721,-0.975,0.711,9.942,0.588,1.374,0.527,17.75
722,-0.982,0.740,9.901,0.634,1.427,0.061,17.61
723,-0.934,0.742,9.970,0.916,1.252,-0.115,17.28
724,-0.958,0.762,9.923,0.664,1.435,0.374,17.71
725,-0.965,0.745,9.997,0.840,1.603,0.344,17.57
726,-0.913,0.769,9.978,0.809,1.405,0.176,17.71
727,-0.980,0.764,9.937,0.656,1.595,0.206,17.42
728,-0.972,0.757,9.951,0.740,1.328,-0.008,17.71
729,-0.999,0.752,9.942,0.771,1.458,0.336,17.38
730,-0.960,0.733,9.915,0.802,1.191,0.267,17.38
731,-0.960,0.728,9.970,0.756,1.321,0.229,17.89
732,-0.972,0.721,9.961,0.656,1.573,0.298,17.57
733,-0.970,0.766,9.949,0.794,1.267,0.191,17.61
734,-0.972,0.709,9.927,0.847,1.282,0.328,17.57
735,-1.004,0.747,9.918,0.702,1.237,0.336,17.38
736,-0.970,0.764,9.968,0.649,1.153,0.382,17.47
737,-0.941,0.774,9.872,0.542,1.588,-0.031,17.61
738,-0.975,0.735,9.951,0.702,1.557,0.336,17.61
739,-0.922,0.735,9.879,0.618,1.519,0.168,17.89
740,-0.946,0.723,9.966,0.550,1.374,0.466,17.42
741,-0.970,0.788,9.954,0.786,1.420,0.412,17.75
742,-0.987,0.735,9.954,0.824,1.397,0.107,17.71
743,-0.948,0.742,9.956,0.550,1.351,0.290,17.42
744,-0.963,0.754,9.980,0.672,1.458,0.160,17.57
745,-0.968,0.738,9.949,0.634,1.374,0.198,17.57
746,-0.977,0.730,9.990,0.679,1.427,0.168,17.61
747,-0.958,0.716,9.951,0.565,1.565,0.489,17.71
748,-0.958,0.771,9.920,0.664,1.542,0.282,17.42
749,-0.929,0.757,9.963,0.779,1.275,0.687,17.57
750,-0.946,0.735,9.973,0.916,1.397,0.084,17.61
751,-0.946,0.776,9.932,0.786,1.229,0.260,17.47
752,-0.934,0.742,9.920,0.656,1.298,0.229,17.75
753,-0.922,0.726,9.961,0.710,1.519,0.214,17.61
754,-0.953,0.730,9.944,0.771,1.282,0.260,17.42
755,-0.975,0.776,9.963,0.679,1.359,0.366,17.57
756,-0.941,0.771,9.982,0.626,1.145,0.481,17.61
757,-0.982,0.757,9.927,0.687,1.496,0.267,17.71
758,-0.965,0.742,9.944,0.756,1.328,0.099,17.38
759,-0.982,0.742,10.026,0.779,1.664,0.282,17.61
760,-0.956,0.738,10.018,0.855,1.420,0.374,17.75
761,-0.946,0.735,9.966,0.626,1.427,0.099,17.42
762,-1.001,0.750,9.915,0.687,1.427,0.374,17.75
763,-0.977,0.759,9.975,0.588,1.412,0.176,17.75
764,-0.968,0.745,9.963,0.450,1.420,0.153,17.47
765,-0.968,0.707,9.985,0.618,1.435,0.153,17.71
766,-0.958,0.769,9.947,0.603,1.397,0.260,17.80
767,-0.951,0.766,9.932,0.931,1.366,0.458,17.75
768,-0.965,0.730,9.920,0.794,1.237,0.466,17.61
769,-0.999,0.759,9.966,0.405,1.420,0.282,17.75
770,-0.948,0.726,9.968,0.748,1.473,0.382,17.71
771,-0.972,0.747,9.956,0.656,1.351,0.305,17.71
772,-0.946,0.762,9.939,0.611,1.573,0.244,17.75
773,-0.977,0.735,9.894,0.802,1.328,0.191,17.61
774,-0.948,0.754,9.966,0.603,1.496,0.214,17.42
775,-0.984,0.750,9.987,0.779,1.359,0.176,17.61
776,-0.936,0.733,9.951,0.824,1.344,0.519,17.61
777,-0.951,0.769,9.958,0.962,1.595,0.260,17.75
778,-0.963,0.711,9.997,0.672,1.252,0.252,17.47
779,-0.956,0.750,9.939,0.763,1.389,0.115,17.47
780,-0.968,0.740,9.944,0.794,1.046,0.160,17.57
781,-0.970,0.738,9.939,0.611,1.183,0.412,17.57
782,-0.987,0.730,9.963,0.870,1.221,0.351,17.42
783,-0.929,0.754,9.927,0.641,1.328,0.046,17.71
784,-0.958,0.730,9.980,0.550,1.496,0.305,17.38
785,-0.932,0.769,9.901,0.557,1.748,0.420,17.61
786,-0.982,0.759,9.958,0.550,1.290,0.260,17.47
787,-0.960,0.759,9.982,0.557,1.641,0.290,17.75
788,-0.970,0.711,9.949,0.809,1.137,0.244,17.42
789,-0.965,0.757,10.021,0.511,1.305,0.275,17.75
790,-0.977,0.730,9.942,0.840,1.359,0.443,17.38
791,-0.953,0.733,9.918,0.634,1.687,0.244,17.75
792,-0.960,0.690,9.975,0.588,1.336,0.092,17.38
793,-0.944,0.714,9.932,0.481,1.397,0.344,17.61
794,-0.963,0.733,9.903,0.824,1.412,0.481,17.75
795,-0.939,0.742,9.990,0.985,1.267,0.282,17.42
796,-0.963,0.776,9.954,0.695,1.374,0.183,17.75
797,-0.968,0.733,9.944,0.641,1.443,0.305,17.71
798,-0.992,0.730,9.975,0.710,1.328,0.061,17.75
799,-0.934,0.733,9.927,0.779,1.229,0.168,17.57
800,-0.977,0.726,9.963,0.626,1.359,0.214,17.57
801,-0.960,0.776,9.961,0.420,1.290,0.321,17.75
802,-0.984,0.716,9.944,0.725,1.519,0.115,17.57
803,-0.968,0.702,9.966,0.641,1.481,0.305,17.57
804,-0.975,0.709,9.930,0.748,1.618,0.244,17.61
805,-0.989,0.733,9.925,0.748,1.420,0.252,17.75
806,-0.965,0.752,9.942,0.550,1.466,0.023,17.38
807,-0.980,0.745,9.947,0.809,1.237,0.450,17.94
808,-0.941,0.740,9.975,0.809,1.298,0.160,17.61
809,-0.980,0.754,9.994,0.527,1.496,0.382,17.61
810,-0.948,0.730,10.016,0.840,1.443,0.321,17.61
811,-0.917,0.740,9.939,0.794,1.550,0.183,17.80
812,-0.970,0.764,9.966,0.962,1.374,0.221,17.57
813,-0.956,0.726,9.978,0.794,1.351,0.282,17.71
814,-0.960,0.740,9.896,0.794,1.557,0.000,17.61
815,-0.934,0.723,9.932,0.473,1.542,0.206,17.75
816,-0.924,0.730,9.903,0.695,1.458,0.214,17.71
817,-0.953,0.726,9.949,0.511,1.573,0.214,17.47
818,-0.946,0.719,9.973,0.725,1.427,0.290,17.38
819,-0.956,0.726,10.033,0.786,1.275,0.069,17.61
820,-0.958,0.740,9.947,0.710,1.046,0.137,17.42
821,-0.960,0.733,9.906,0.870,1.351,0.153,17.57
822,-0.982,0.721,9.990,0.511,1.313,0.252,17.28
823,-0.917,0.795,9.947,0.458,1.557,0.099,17.47
824,-0.972,0.783,9.903,0.893,1.290,0.389,17.57
825,-0.956,0.730,9.947,0.573,1.389,0.420,17.57
826,-0.924,0.742,9.939,0.863,1.412,0.336,17.61
827,-0.987,0.716,9.930,0.550,1.435,0.244,17.38
828,-0.953,0.769,9.911,0.611,1.244,0.046,17.57
829,-0.934,0.719,9.954,0.679,1.489,0.473,17.71
830,-0.963,0.730,9.951,0.573,1.237,0.458,17.89
831,-0.970,0.735,9.923,0.756,1.336,0.176,17.75
832,-0.932,0.742,9.947,0.840,1.473,0.496,17.75
833,-0.963,0.735,9.970,0.771,1.351,0.290,17.61
834,-0.999,0.730,9.939,0.863,1.443,0.206,17.47
835,-0.987,0.762,9.958,0.611,1.389,0.206,17.71
836,-0.970,0.726,9.956,0.405,1.519,0.229,17.80
837,-1.004,0.745,9.882,0.511,1.298,-0.038,17.42
838,-0.956,0.783,9.956,0.588,1.443,0.328,17.75
839,-0.992,0.692,9.911,0.641,1.450,0.427,17.75
840,-0.960,0.721,9.939,0.748,1.443,0.122,17.61
841,-0.927,0.759,10.035,0.611,1.519,0.183,17.47
842,-0.975,0.750,9.956,0.321,1.313,0.214,17.42
843,-0.946,0.709,9.906,0.725,1.580,0.069,17.57
844,-0.963,0.714,9.975,0.679,1.382,0.298,17.42
845,-0.953,0.745,9.947,0.618,1.405,0.206,17.42
846,-0.936,0.733,9.970,0.603,1.756,0.427,17.71
847,-0.941,0.728,9.956,0.595,1.153,0.000,17.57
848,-0.977,0.752,9.915,0.748,1.405,0.405,17.71
849,-0.968,0.730,9.954,0.725,1.443,0.191,17.71
850,-0.968,0.735,9.942,0.641,1.427,0.160,17.57
851,-0.956,0.721,9.970,0.733,1.366,0.099,17.57
852,-0.980,0.747,9.975,0.595,1.504,0.427,17.24
853,-0.953,0.735,9.908,0.809,1.275,0.420,17.57
854,-0.984,0.766,10.035,0.565,1.496,0.298,17.71
855,-0.984,0.740,9.954,0.405,1.221,0.031,17.47
856,-0.944,0.721,9.994,0.542,1.435,0.176,17.61
857,-0.941,0.783,10.002,0.656,1.679,0.313,17.38
858,-0.936,0.757,9.947,0.565,1.275,0.290,17.61
859,-0.963,0.747,9.954,0.786,1.275,0.351,17.38
860,-0.951,0.774,9.958,0.649,1.244,0.168,17.42
861,-0.960,0.716,9.961,0.763,1.511,0.351,17.57
862,-0.941,0.771,9.906,0.565,1.298,0.542,17.80
863,-0.958,0.716,9.894,0.595,1.519,0.145,17.75
864,-0.960,0.738,9.978,0.885,1.542,0.397,17.42
865,-0.944,0.723,9.935,0.748,1.328,0.023,17.61
866,-0.948,0.738,9.942,0.763,1.366,0.122,17.71
867,-0.953,0.711,9.992,0.733,1.221,0.634,17.61
868,-0.932,0.719,9.896,0.565,1.206,0.092,17.42
869,-0.948,0.735,9.961,0.817,1.420,0.183,17.75
870,-0.968,0.740,9.918,0.740,1.260,0.267,17.61
871,-0.965,0.745,9.927,0.756,1.198,0.282,17.57
872,-0.948,0.719,9.942,0.916,1.122,0.031,17.71
873,-0.936,0.723,9.949,0.679,1.145,0.237,17.94
874,-0.972,0.747,10.006,0.664,1.275,0.107,17.75
875,-0.987,0.752,9.927,0.611,1.282,0.038,17.75
876,-0.944,0.764,9.911,0.733,1.435,0.069,17.57
877,-1.006,0.747,9.923,0.847,1.397,0.206,17.42
878,-0.963,0.723,9.908,0.672,1.550,0.321,17.89
879,-0.939,0.747,9.961,0.771,1.237,0.511,17.80
880,-0.946,0.730,9.925,0.763,1.519,0.321,17.71
881,-0.924,0.685,9.985,0.733,1.061,0.214,17.57
882,-0.982,0.747,9.961,0.832,1.382,0.214,17.42
883,-0.963,0.733,9.896,0.550,1.168,0.427,17.57
884,-0.956,0.728,9.939,0.832,1.603,0.351,17.57
885,-0.953,0.726,9.963,0.649,1.603,0.153,17.75
886,-0.970,0.759,9.963,0.595,1.267,0.168,17.61
887,-0.922,0.742,9.891,0.885,1.656,0.046,17.75
888,-0.968,0.714,9.937,0.718,1.344,0.405,17.57
889,-0.977,0.745,9.932,0.450,1.542,0.305,17.75
890,-0.946,0.750,10.006,0.702,1.420,0.427,17.75
891,-0.980,0.723,9.982,0.725,1.389,0.328,17.38
892,-0.984,0.771,9.889,0.863,1.557,0.160,17.47
893,-0.968,0.726,9.956,0.763,1.389,0.336,17.61
894,-0.958,0.735,9.978,0.656,1.267,0.305,17.57
895,-0.939,0.762,9.961,0.679,1.519,0.267,17.42
896,-0.982,0.697,9.920,0.718,1.305,0.176,17.71
897,-0.996,0.740,9.973,0.611,1.580,0.160,17.57
898,-0.987,0.723,9.911,0.626,1.267,0.466,17.71
899,-0.953,0.733,9.975,0.641,1.427,0.191,17.61
900,-0.960,0.723,9.884,0.718,1.160,0.443,17.47
901,-0.944,0.726,9.966,0.679,1.275,0.466,17.61
902,-0.951,0.757,9.992,0.656,1.443,-0.008,17.61
903,-0.963,0.750,9.906,0.618,1.443,0.076,17.61
904,-0.946,0.730,9.920,0.603,1.389,0.145,17.57
905,-0.944,0.764,9.935,0.672,1.534,0.153,17.75
906,-0.977,0.745,9.899,0.534,1.282,0.397,17.71
907,-0.944,0.728,9.947,0.626,1.282,0.305,17.42
908,-0.972,0.786,9.975,0.679,1.252,0.221,17.71
909,-0.982,0.738,9.882,0.779,1.290,0.275,17.61
910,-0.989,0.759,9.918,0.519,1.511,0.313,17.47
911,-0.946,0.747,9.930,1.046,1.267,0.519,17.75
912,-0.960,0.733,9.935,0.855,1.351,0.321,17.24
913,-0.920,0.747,10.006,0.763,1.275,0.328,17.80
914,-0.989,0.776,9.954,0.618,1.260,0.412,17.61
915,-0.963,0.709,9.927,0.603,1.489,0.344,17.61
916,-0.972,0.730,9.932,0.779,1.237,0.580,17.75
917,-0.948,0.769,9.956,0.718,1.359,0.473,17.38
918,-0.946,0.764,9.896,0.679,1.397,0.359,17.47
919,-0.982,0.730,9.923,0.756,1.366,0.321,17.71
920,-0.944,0.766,9.944,0.527,1.336,0.145,17.61
921,-0.960,0.752,9.923,0.534,1.626,0.389,17.38
922,-0.980,0.728,10.004,0.824,1.336,0.473,17.71
923,-0.953,0.709,9.884,0.824,1.466,0.336,17.42
924,-0.963,0.747,9.925,0.618,1.473,0.504,17.61
925,-0.946,0.745,9.961,0.641,1.580,0.275,17.80
926,-0.948,0.740,9.920,0.649,1.374,-0.023,17.61
927,-0.946,0.726,9.942,0.794,1.481,0.221,17.75
928,-0.999,0.757,9.970,0.771,1.443,0.160,17.71
929,-0.956,0.752,9.944,0.840,1.221,0.511,17.61
930,-0.970,0.764,9.906,0.786,1.519,0.183,17.38
931,-0.994,0.776,9.956,0.794,1.588,0.237,17.71
932,-0.944,0.730,9.923,0.664,1.237,0.069,17.61
933,-0.948,0.747,9.956,0.649,1.450,0.130,17.75
934,-0.913,0.745,9.920,0.695,1.351,0.053,17.71
935,-0.922,0.738,9.942,0.618,1.344,0.427,17.57
936,-0.924,0.704,9.975,0.656,1.397,0.252,17.89
937,-0.970,0.740,9.954,0.771,1.366,0.328,17.28
938,-0.936,0.747,9.932,0.634,1.427,0.336,17.71
939,-0.960,0.747,9.966,0.565,1.427,0.420,17.57
940,-0.975,0.754,9.954,0.702,1.427,0.321,17.42
941,-0.987,0.742,9.951,0.748,1.473,0.252,17.61
942,-0.927,0.735,9.939,0.695,1.397,0.176,17.42
943,-0.970,0.762,9.887,0.763,1.183,0.328,17.75
944,-0.944,0.740,9.896,0.718,1.565,0.183,17.57
945,-1.006,0.752,9.956,0.794,1.244,0.359,17.61
946,-0.960,0.747,9.894,0.580,1.435,0.557,17.57
947,-0.932,0.764,9.903,0.641,1.168,0.092,17.75
948,-0.944,0.704,9.949,0.618,1.412,0.382,17.61
949,-0.984,0.692,9.985,0.840,1.511,0.450,17.38
950,-0.941,0.764,9.978,0.809,1.244,0.168,17.75
951,-0.944,0.726,10.004,0.626,1.359,0.206,17.75
952,-0.968,0.711,9.980,0.832,1.458,0.176,17.71
953,-0.975,0.774,9.951,0.412,1.710,0.206,17.80
954,-0.965,0.723,9.982,0.786,1.679,0.321,17.61
955,-0.977,0.707,9.937,0.947,1.450,0.267,17.61
956,-0.972,0.769,9.927,0.557,1.397,0.374,17.24
957,-0.948,0.738,9.978,0.634,1.427,0.290,17.75
958,-0.929,0.721,9.944,0.664,1.305,0.336,17.57
959,-0.999,0.754,9.973,0.626,1.481,0.145,17.80
960,-0.924,0.733,9.968,0.817,1.313,0.565,17.47
961,-0.972,0.735,9.956,0.504,1.656,0.282,17.75
962,-0.939,0.750,9.973,0.725,1.557,0.260,17.38
963,-0.965,0.721,9.932,0.649,1.328,0.176,17.75
964,-0.939,0.721,9.949,0.748,1.427,0.336,17.61
965,-0.941,0.762,9.911,0.840,1.260,0.435,17.71
966,-0.977,0.726,9.947,0.626,1.412,0.160,17.94
967,-0.944,0.745,9.958,0.664,1.504,0.076,17.75
968,-1.001,0.709,9.954,0.702,1.458,0.107,17.71
969,-1.018,0.714,9.951,0.687,1.298,0.374,17.71
970,-0.946,0.728,9.930,0.443,1.427,0.076,17.61
971,-0.970,0.728,9.963,0.863,1.382,0.160,17.47
972,-0.953,0.762,9.944,0.794,1.366,0.229,17.57
973,-0.960,0.730,9.925,0.847,1.740,0.519,17.42
974,-0.972,0.728,9.966,0.847,1.412,0.565,17.75
975,-0.951,0.750,9.963,0.702,1.237,0.427,17.57
976,-0.953,0.754,9.987,0.855,1.252,0.076,17.61
977,-0.960,0.726,9.987,0.733,1.198,0.466,17.75
978,-0.965,0.735,9.889,0.664,1.252,0.389,17.42
979,-0.989,0.714,10.014,0.893,1.542,0.031,17.47
980,-0.958,0.742,9.915,0.679,1.580,0.366,17.75
981,-0.975,0.766,9.982,0.725,1.412,0.313,17.75
982,-0.992,0.742,9.947,0.580,1.237,0.344,17.57
983,-0.980,0.735,9.896,0.802,1.374,0.405,17.47
984,-0.965,0.726,9.906,0.985,1.527,0.229,17.61
985,-0.941,0.704,9.963,0.687,1.603,0.366,17.61
986,-0.977,0.738,9.944,0.863,1.458,0.359,17.71
987,-0.977,0.781,9.973,0.771,1.542,0.519,17.42
988,-1.020,0.707,10.002,0.733,1.420,0.359,17.75
989,-0.944,0.754,9.920,0.878,1.305,0.099,17.75
990,-0.946,0.733,9.879,0.573,1.527,0.405,17.61
991,-0.992,0.750,9.954,0.718,1.504,0.328,17.75
992,-0.963,0.735,9.853,0.718,1.389,0.092,17.71
993,-0.968,0.745,9.932,0.626,1.145,0.389,17.47
994,-0.972,0.707,9.891,0.618,1.405,0.000,17.80
995,-0.984,0.730,9.935,0.740,1.336,0.130,17.61
996,-0.977,0.738,9.968,0.809,1.298,0.191,17.71
997,-0.960,0.750,9.947,0.588,1.305,0.405,17.61
998,-0.948,0.735,9.920,0.687,1.374,0.313,17.61
999,-0.972,0.754,9.906,0.718,1.489,0.137,17.47
1000,-0.932,0.745,9.942,0.710,1.412,0.336,17.61
1001,-0.982,0.759,9.973,0.832,1.412,0.137,17.57
1002,-0.963,0.730,9.908,0.687,1.359,0.267,17.47
1003,-0.944,0.810,9.973,0.809,1.527,0.206,17.75
1004,-0.972,0.750,9.918,0.962,1.206,0.221,17.61
1005,-0.939,0.757,9.949,0.695,1.427,0.305,17.57
1006,-0.951,0.738,9.956,0.733,1.435,0.626,17.57
1007,-0.932,0.786,9.927,0.611,1.435,0.145,17.42
1008,-0.975,0.714,9.966,0.679,1.427,0.198,17.75
1009,-0.934,0.759,9.949,0.435,1.115,0.160,17.57
1010,-0.970,0.735,9.958,0.802,1.221,0.305,17.61
1011,-0.944,0.723,9.920,0.756,1.489,0.313,17.75
1012,-1.006,0.707,9.908,0.878,1.412,0.115,17.94
1013,-0.939,0.738,9.939,0.702,1.282,0.420,17.38
1014,-0.960,0.730,9.956,0.817,1.504,0.397,17.42
1015,-0.982,0.774,9.956,0.672,1.458,0.275,17.61
1016,-0.953,0.738,9.956,0.580,1.405,0.550,17.57
1017,-0.968,0.745,9.975,0.817,1.374,0.237,17.47
1018,-0.965,0.742,9.966,0.809,1.198,0.405,17.61
1019,-0.960,0.757,9.963,0.847,1.412,0.450,17.75
1020,-0.953,0.735,9.951,0.626,1.481,0.305,17.71
1021,-0.951,0.762,9.963,0.855,1.489,0.008,17.47
1022,-0.975,0.750,9.891,0.733,1.435,0.275,17.71
1023,-0.956,0.754,9.968,0.740,1.511,0.458,17.57
1024,-0.946,0.711,9.918,0.832,1.458,0.176,17.61
1025,-0.980,0.726,9.951,0.855,1.053,0.504,17.75
1026,-0.996,0.723,9.935,0.580,1.198,0.260,17.75
1027,-0.948,0.719,10.052,0.748,1.496,0.237,17.61
1028,-0.977,0.738,9.875,0.580,1.405,0.076,17.61
1029,-0.948,0.735,9.896,0.626,1.405,0.260,17.80
1030,-0.944,0.733,9.915,0.786,1.626,0.466,17.61
1031,-0.987,0.728,9.896,0.565,1.046,0.412,17.80
1032,-0.965,0.714,9.958,0.794,1.313,0.389,17.75
1033,-0.948,0.776,9.935,0.740,1.359,-0.069,17.80
1034,-0.929,0.719,9.961,0.489,1.603,0.374,17.89
1035,-0.913,0.721,10.011,0.389,1.412,0.389,17.71
1036,-0.968,0.735,9.944,0.565,1.473,0.344,17.61
1037,-0.958,0.742,9.951,0.947,1.237,0.366,17.47
1038,-0.968,0.714,9.911,0.840,1.282,0.336,17.57
1039,-0.968,0.702,9.901,0.802,1.214,0.504,17.57
1040,-0.994,0.762,9.951,0.565,1.282,0.206,17.47
1041,-1.001,0.716,9.939,0.840,1.489,0.359,17.75
1042,-0.944,0.754,9.889,0.595,1.198,0.168,17.61
1043,-0.972,0.750,9.963,0.809,1.603,0.176,17.57
1044,-0.960,0.776,9.923,0.817,1.565,0.328,17.80
1045,-0.963,0.752,9.944,0.611,1.305,0.206,17.71
1046,-0.965,0.719,9.954,0.740,1.443,0.107,17.75
1047,-0.956,0.759,10.018,0.809,1.244,0.183,17.42
1048,-0.975,0.752,9.970,0.634,1.382,0.328,17.28
1049,-0.987,0.740,9.932,0.626,1.275,0.168,17.47
1050,-0.936,0.721,9.949,0.611,1.183,0.252,17.42
1051,-0.944,0.742,9.923,0.786,1.565,0.229,17.75
1052,-0.968,0.742,9.875,0.511,1.466,0.321,17.61
1053,-0.982,0.733,9.966,0.664,1.198,0.237,17.57
1054,-0.948,0.723,9.978,0.771,1.359,0.389,17.75
1055,-0.953,0.735,9.958,0.786,1.511,0.389,17.61
1056,-0.929,0.752,9.920,0.664,1.458,0.130,17.71
1057,-0.958,0.745,9.982,0.511,1.412,0.275,17.80
1058,-0.992,0.738,9.925,0.664,1.496,0.313,17.57
1059,-0.984,0.699,9.901,0.626,1.450,0.237,17.57
1060,-0.984,0.733,9.961,0.756,1.305,0.191,17.61
1061,-0.968,0.766,9.982,0.527,1.389,0.351,17.61
1062,-0.963,0.766,9.927,0.771,1.221,0.382,17.75
1063,-0.948,0.759,9.975,0.725,1.649,0.252,17.61
1064,-0.965,0.742,10.028,0.763,1.282,0.359,17.75
1065,-0.956,0.776,9.968,0.779,1.504,0.244,17.71
1066,-0.960,0.776,9.942,0.733,1.267,0.511,17.57
1067,-0.968,0.778,9.923,0.603,1.466,0.282,17.61
1068,-0.932,0.738,10.004,0.756,1.305,0.305,17.75
1069,-0.956,0.754,9.949,0.679,1.137,0.092,17.75
1070,-0.965,0.711,9.887,0.695,1.198,0.313,17.71
1071,-0.968,0.774,9.939,0.824,1.427,0.435,17.71
1072,-0.953,0.745,9.997,0.847,1.397,0.328,17.42
1073,-0.951,0.752,9.958,0.710,1.550,0.328,17.61
1074,-0.968,0.714,9.932,0.603,1.397,0.405,17.57
1075,-0.960,0.730,9.954,0.649,1.359,0.137,17.75
1076,-0.936,0.709,9.925,0.679,1.427,0.206,17.71
1077,-0.968,0.757,9.980,0.641,1.321,0.191,17.80
1078,-0.994,0.723,9.982,0.672,1.473,0.183,17.42
1079,-0.977,0.738,9.927,0.504,1.412,0.405,17.61
1080,-0.948,0.721,9.918,0.786,1.427,0.099,17.57
1081,-0.984,0.776,9.956,0.718,1.336,0.069,17.80
1082,-0.989,0.762,9.915,0.634,1.191,0.237,17.61
1083,-0.989,0.728,9.939,0.893,1.038,0.275,17.61
1084,-0.963,0.771,9.894,0.832,1.634,0.221,17.38
1085,-0.965,0.759,9.901,0.847,1.550,0.649,17.80
1086,-0.917,0.714,9.963,0.779,1.237,0.389,17.61
1087,-0.932,0.742,9.870,0.687,1.527,0.496,17.42
1088,-0.960,0.764,9.982,0.679,1.649,0.160,17.47
1089,-0.987,0.742,10.004,0.733,1.397,0.260,17.47
1090,-0.970,0.759,9.937,0.893,1.542,0.298,17.38
1091,-0.956,0.716,9.947,0.939,1.137,0.260,17.80
1092,-0.924,0.733,9.973,0.702,1.344,0.489,17.61
1093,-0.946,0.714,9.942,0.504,1.351,0.489,17.75
1094,-0.963,0.716,9.877,0.733,1.290,0.496,17.61
1095,-0.965,0.740,9.932,0.702,1.321,0.427,17.71
1096,-0.951,0.774,9.968,0.687,1.122,0.542,17.38
1097,-0.944,0.764,9.942,0.641,1.420,0.198,17.75
1098,-0.972,0.742,9.951,0.809,1.450,0.374,17.57
1099,-0.932,0.757,9.937,0.779,1.275,0.435,17.80
1100,-0.972,0.740,9.975,0.649,1.260,0.267,17.57
1101,-0.968,0.795,9.935,0.679,1.489,0.580,17.61
1102,-0.941,0.742,9.944,0.718,1.389,0.275,17.71
1103,-0.965,0.752,9.944,0.832,1.435,0.542,17.61
1104,-0.934,0.690,9.985,0.595,1.328,0.191,17.61
1105,-1.006,0.730,9.923,0.565,1.237,0.374,17.47
1106,-0.994,0.764,9.947,0.916,1.305,0.115,17.61
1107,-0.956,0.793,9.990,0.702,1.382,0.336,17.61
1108,-0.999,0.728,9.918,0.611,1.313,0.405,17.71
1109,-0.958,0.754,9.894,0.779,1.374,0.252,17.28
1110,-0.936,0.747,9.923,0.718,1.366,0.290,17.57
1111,-0.936,0.719,9.913,0.519,1.435,0.412,17.75
1112,-0.975,0.740,9.963,0.679,1.397,0.336,17.42
1113,-0.932,0.709,9.980,0.733,1.366,0.244,17.71
1114,-0.968,0.754,9.935,0.687,1.267,0.328,17.42
1115,-0.951,0.740,9.958,0.809,1.603,0.282,17.57
1116,-0.968,0.754,9.958,0.855,1.298,0.191,17.75
1117,-1.006,0.762,9.894,0.695,1.321,0.412,17.75
1118,-0.968,0.745,9.961,0.718,1.275,0.344,17.47
1119,-0.944,0.726,10.004,0.649,1.183,0.374,17.71
1120,-0.970,0.778,9.923,0.603,1.389,0.153,17.42
1121,-0.932,0.750,9.958,0.840,1.183,0.489,17.61
1122,-0.996,0.776,9.925,0.664,1.321,0.115,17.75
1123,-0.944,0.754,9.975,0.710,1.397,0.336,17.42
1124,-0.963,0.752,9.925,0.695,1.504,0.321,17.61
1125,-0.992,0.745,9.927,0.656,1.542,0.252,17.42
1126,-0.999,0.719,9.891,0.908,1.435,0.153,17.71
1127,-0.965,0.738,9.937,0.763,1.435,0.412,17.61
1128,-0.932,0.759,9.889,0.664,1.389,0.122,17.38
1129,-0.956,0.754,9.937,0.756,1.489,0.168,17.75
1130,-0.965,0.709,9.908,0.756,1.695,0.328,17.71
1131,-0.929,0.709,9.896,0.679,1.359,0.244,17.47
1132,-0.956,0.759,9.920,0.725,1.244,0.305,17.57
1133,-1.013,0.690,9.889,0.595,1.321,0.511,17.61
1134,-0.975,0.769,9.980,0.679,1.427,0.145,17.47
1135,-0.975,0.764,9.947,0.832,1.435,0.427,17.61
1136,-0.936,0.699,9.968,0.603,1.466,0.405,17.61
1137,-0.932,0.707,9.956,0.656,1.504,0.122,17.57
1138,-0.982,0.735,9.911,0.756,1.122,0.504,17.57
1139,-0.956,0.723,9.963,0.763,1.626,0.137,17.57
1140,-0.977,0.740,9.918,0.565,1.672,0.267,17.47
1141,-0.972,0.735,9.947,0.748,1.229,0.481,17.38
1142,-0.958,0.776,9.982,0.802,1.298,0.260,17.47
1143,-0.965,0.735,9.956,0.573,1.160,-0.046,17.75
1144,-0.968,0.781,9.925,0.931,1.366,0.450,17.75
1145,-0.922,0.735,9.949,0.710,1.359,0.221,17.71
1146,-0.996,0.745,9.980,0.504,1.183,0.351,17.57
1147,-0.968,0.735,9.891,0.618,1.443,-0.046,17.75
1148,-0.953,0.730,10.028,0.542,1.443,0.214,17.71
1149,-0.965,0.774,9.982,0.542,1.542,0.137,17.61
1150,-0.941,0.774,9.958,0.779,1.206,0.389,17.75
1151,-0.987,0.800,9.951,0.702,1.412,0.290,17.38
1152,-0.963,0.754,9.935,0.473,1.618,0.176,17.75
1153,-0.994,0.719,9.927,0.725,1.405,0.267,17.71
1154,-0.970,0.726,9.949,0.550,1.420,0.267,17.57
1155,-0.970,0.714,9.935,0.550,1.542,0.282,17.71
1156,-0.987,0.721,9.987,0.802,1.458,0.122,17.42
1157,-0.972,0.769,9.961,0.695,1.443,0.435,17.80
1158,-0.977,0.709,9.915,0.695,1.321,0.061,17.71
1159,-0.984,0.721,9.930,0.656,1.344,0.000,17.42
1160,-0.965,0.752,9.947,0.649,1.588,0.092,17.42
1161,-0.951,0.728,9.920,0.878,1.496,0.076,17.47
1162,-0.980,0.750,9.939,0.840,1.374,0.092,17.57
1163,-0.999,0.764,9.935,0.748,1.565,0.214,17.38
1164,-0.980,0.750,9.867,0.618,1.107,0.260,17.61
1165,-0.965,0.769,9.901,0.618,1.176,0.191,17.57
1166,-0.951,0.747,9.935,0.511,1.550,0.046,17.57
1167,-0.980,0.704,9.954,0.550,1.214,0.130,17.75
1168,-0.958,0.750,10.004,0.427,1.511,0.466,17.71
1169,-0.948,0.730,9.937,0.458,1.656,0.290,17.75
1170,-0.951,0.714,10.009,0.718,1.374,0.008,17.71
1171,-0.936,0.723,9.932,0.679,1.366,0.214,17.89
1172,-0.956,0.752,9.915,0.664,1.321,0.168,17.47
1173,-0.992,0.738,9.942,0.687,1.389,0.366,17.71
1174,-0.980,0.730,9.968,0.924,1.473,0.191,17.71
1175,-0.944,0.750,9.908,0.847,1.305,0.305,17.75
1176,-0.934,0.754,9.937,0.763,1.137,0.359,17.57
1177,-0.972,0.730,9.975,0.695,1.504,0.168,17.80
1178,-0.994,0.759,9.954,0.695,1.282,0.191,17.42
1179,-0.963,0.742,9.947,0.718,1.221,0.252,17.75
1180,-0.948,0.771,9.961,0.771,1.435,0.267,17.80
1181,-0.953,0.730,9.961,0.672,1.290,0.405,17.71
1182,-0.996,0.764,9.937,0.718,1.603,0.214,17.42
1183,-0.965,0.766,9.949,0.771,1.359,0.412,17.71
1184,-0.970,0.742,9.985,0.756,1.260,0.183,17.80
1185,-0.968,0.728,9.942,0.626,1.206,0.595,17.42
1186,-0.968,0.723,9.935,0.901,1.450,0.336,17.38
1187,-0.968,0.726,9.901,0.710,1.405,0.122,17.61
1188,-1.004,0.726,9.961,0.649,1.534,0.137,17.42
1189,-0.958,0.730,9.939,0.733,1.267,0.603,17.42
1190,-0.980,0.738,10.006,0.817,1.260,0.267,17.42
1191,-0.960,0.750,9.930,0.649,1.412,0.374,17.61
1192,-0.951,0.726,9.930,0.656,1.405,0.244,17.89
1193,-0.953,0.726,9.906,0.725,1.305,0.198,17.57
1194,-0.977,0.752,9.915,0.725,1.321,0.466,17.42
1195,-0.941,0.723,9.939,0.687,1.260,0.176,17.71
1196,-0.944,0.745,9.968,0.870,1.466,0.168,17.57
